10 Things I Hate About You,Karen McCullah Lutz,Kirsten Smith,William Shakespeare
12,Lawrence Bridges
12 and Holding,Anthony Cipriano
12 Monkeys,David Peoples,Janet Peoples
12 Years a Slave,John Ridley
127 Hours,Simon Beaufoy,Danny Boyle
1492: Conquest of Paradise,Roslyne Bosch
15 Minutes,John Hertzfield
17 Again,Jason Filardi
187,Scott Yagemann
2001: A Space Odyssey,Stanley Kubrick,Arthur C. Clarke
2012,Roland Emmerich,Harald Kloser
20th Century Women,Mike Mills
25th Hour,David Benioff
28 Days Later,Alex Garland
30 Minutes or Less,Michael Diliberti,Matthew Sullivan
42,Brian Helgeland
44 Inch Chest,Louis Mellis,David Scinto
48 Hrs.,Steven E. De Souza,Walter Hill,Roger Spottiswoode,Larry Gross,Jeb Stuart
50-50,Will Reiser
500 Days of Summer,Scott Neustadter,Michael H. Weber
8 Mile,Scott Silver
8MM,Andrew Kevin Walker
9,Pamela Pettler,Shane Acker
A Few Good Men,Aaron Sorkin
A Most Violent Year,J.C. Chandor
A Prayer Before Dawn,Jonathan Hirschbein
A Quiet Place,Bryan Woods,Scott Beck,John Krasinski
A Scanner Darkly,Charlie Kaufman
A Serious Man,Joel Coen,Ethan Coen
A.I.,Ian Watson,Brian Aldiss,Steven Spielberg
Above the Law,Steven Pressfield,Ronald Shusett,Andrew Davis,Steven Seagal
Absolute Power,David Baldacci,William Goldman
Abyss, The,James Cameron
Ace Ventura: Pet Detective,Jack Bernstein,Tom Shadyac,Jim Carrey
Adaptation,Charlie Kaufman,Donald Kaufman
Addams Family, The,Charles Addams,Caroline Thompson
Adjustment Bureau, The,George Nolfi,Philip K Dick
Adventures of Buckaroo Banzai Across the Eighth Dimension, The,Earl Mac Rauch
Affliction,Russell Banks,Paul Schrader
After School Special,David H. Steinberg
After.Life,Agnieszka Wojtowicz-Vosloo
Agnes of God,John Pielmeier
Air Force One,Andrew W. Marlowe
Airplane,Jim Abrahams, David Zucker,Jerry Zucker
Airplane 2: The Sequel,Ken Finkleman
Aladdin,Roger Allers,Ron Clements
Ali,Stephen J Rivele,Christopher Wilkinson,Eric Roth,Michael Mann
Alien,Walter Hill,David Giler
Alien 3,Rex Pickett
Alien Nation,Rockne O'Bannon,James Cameron
Alien vs. Predator,Peter Briggs
Alien: Resurrection,Joss Whedon
Aliens,James Cameron
All About Eve,Joseph Mankiewicz
All About Steve,Kim Barker
All the King's Men,Robert Rossen
All the President's Men,William Goldman
Almost Famous,Cameron Crowe
Alone in the Dark,Elan Mastai,Michael Roesch
Amadeus,Peter Shaffer
Amelia,Ronald Bass,Anna Hamilton Phelan
American Beauty,Alan Ball
American Gangster,Steven Zaillian,Mark Jacobson
American Graffiti,George Lucas,Gloria Katz,Willard Huyck
American History X,David McKenna
American Hustle,Eric Warren Singer,David O. Russell
American Madness,Robert Riskin
American Milkshake,David Andalman,Mariko Munro
American Outlaws,Roderick Taylor,John Rogers
American Pie,Adam Herz
American President, The,Aaron Sorkin
American Psycho,Matthew Markwalder
American Shaolin: King of Kickboxers II,Keith Strandburg
American Sniper,Jason Hall
American Splendor,Robert Pulcini,Shari Springer Berman
American Werewolf in London,John Landis
American, The,Rowan Joffe
Amityville Asylum, The,Andrew Jones
Amour,Michael Haneke
An Education,Nick Hornby,Lynn Barber
Analyze That,Peter Steinfeld,Harold Ramis,Peter Tolan,Kenneth Longeran
Analyze This,Peter Tolan,Harold Ramis,Kenneth Lonergan
Anastasia,Susan Gauthier,Bruce Graham
Angel Eyes,Gerald DiPego
Angels & Demons,David Koepp,Akiva Goldsman
Anna Karenina,Tom Stoppard
Annie Hall,Woody Allen,Marshall Brickman
Anniversary Party, The,Alan Cummings,Jennifer Jason Leigh
Anonymous,John Orloff
Antitrust,Howard Franklin
Antz,Todd Alcott,Chris Weitz,Paul Weitz
Apartment, The,Billy Wilder,I.A.L Diamond
Apocalypse Now,Francis Ford Coppola,John Milius,Joseph Conrad
Apollo 13,Jim Lovell,Jeffrey Kluger,William Broyles Jr.,Al Reinert
April Fool's Day,Danilo Bach
Apt Pupil,Brandon Boyce
Arbitrage,Nicholas Jarecki
Arcade,David S. Goyer
Arctic Blue,Ross LaManna
Argo,Chris Terrio
Armageddon,Jonathan Hensleigh,J.J. Abrams
Army of Darkness,Sam Raimi,Ivan Raimi
Arsenic and Old Lace,Julius J. Epstein,Philip G. Epstein,Joseph Kesselring
Arthur,Peter Baynham
Artist, The,Michel Hazanavicius
As Good As It Gets,Mark Andrus,James L. Brooks
Assassins,Larry Wachowski,Andy Wachowski
Assignment, The,Dan Gordon,Sabi H. Shabtai
At First Sight,Oliver Sacks,Steve Levitt,Irwin Winkler,Rob Cowan
August: Osage County,Tracy Letts
Austin Powers - International Man of Mystery,Mike Myers
Austin Powers - The Spy Who Shagged Me,Mike Myers
Authors Anonymous,David Congalton
Autumn in New York,Allison Burnett
Avatar,James Cameron
Avengers, The,Don Macpherson
Avengers, The (2012),Joss Whedon
Avengers: Endgame,Christopher Markus,Stephen McFeely
Avventura, L' (The Adventure),Michelangelo Antonioni,Elio Bartolini,Tonino Guerra
Awakenings,Steven Zaillian
Babel,Guillermo Arriaga
Bachelor Party,Neal Israel,Pat Proft,Bob Israel
Bachelor Party, The,Paddy Chayefsky
Back to the Future,Robert Zemeckis,Bob Gale
Back to the Future II & III,Bob Gale
Back-up Plan, The,Kate Angelo
Backdraft,Gregory Widen
Bad Boys,Michael Barrie,Jim Mulholland,Doug Richardson
Bad Country,Jonathan Hirschbein
Bad Day at Black Rock,Don McGuire,Millard Kaufman,Howard Breslin
Bad Dreams,Andrew Fleming,Steven E. de Souza
Bad Lieutenant,Abel Ferrara,Zoe Lund
Bad Santa,Glenn Ficarra,John Requa
Bad Teacher,Lee Eisenberg,Gene Stupnitsky
Badlands,Terence Malick
Bamboozled,Spike Lee
Barry Lyndon,Stanley Kubrick
Barton Fink,Joel Coen,Ethan Coen
Basic,James Vanderbilt
Basic Instinct,Joe Eszterhas
Basquiat,Julian Schnabel
Batman,Sam Hamm,Warren Skaaren
Batman 2,Sam Hamm
Batman and Robin,Bob Kane,Akiva Goldsman
Batman Begins,David Goyer
Batman Forever,Akiva Goldsman
Batman Returns,Daniel Waters,Westly Strick
Battle of Algiers, The,Gillo Pontecorvo,Franco Solinas
Battle of Shaker Heights, The,Erica Beeney
Battle: Los Angeles,Chris Bertolini
Beach, The,Alex Garland,John Hodge
Bean,Richard Curtist,Robin Briscoll
Beasts of No Nation,Cary Joji Fukunaga
Beasts of the Southern Wild,Lucy Alibar,Benh Zeitlin
Beauty and the Beast,Stephen Chbosky,Evan Spiliotopoulos
Beavis and Butt-head Do America,Mike Judge,Joe Stillman
Beginners,Mike Mills
Being Human,Bill Forsyth
Being John Malkovich,Charlie Kaufman
Being There,Jerry Kosinski,Robert C. Jones
Believer, The,Henry Bean,Mark Jacobson
Belle,Misan Sagay
Beloved,Richard LaGravenese,Toni Morrisson
Benny & Joon,Barry Berman,Lesley McNeil
Best Exotic Marigold Hotel, The,Ol Parker
Big,Gary Ross,Anne Spielberg
Big Blue, The,Luc Besson,Robert Garland
Big Eyes,Scott Alexander,Larry Karaszewski
Big Fish,Daniel Wallace,John August
Big Lebowski, The,Joel Coen,Ethan Coen
Big Sick, The,Emily V. Gordon,Kumail Nanjiani
Big White, The,Collin Friesen
Birdman,Alejandro G. Inarritu,Nicolas Giacobone,Alexander Dinelaris Jr.,Armando Bo
Birds, The,Daphne Du Maurier,Evan Hunter
Birthday Girl,Tom Butterworth,Jez Butterworth
Black Dahlia, The,Josh Friedman,James Ellroy
Black Panther,Ryan Coogler,Joe Robert Cole
Black Rain,Craig Bolotin,Warren Lewis
Black Snake Moan,Craig Brewer
Black Swan,Mark Heyman,Andres Heinz,John McLaughlin
BlacKkKlansman,Charlie Wachtel,David Rabinowitz,Kevin Willmott,Spike Lee
Blade,David S. Goyer
Blade II,David S. Goyer
Blade Runner,Hampton Fancher,David Peoples
Blade: Trinity,David S. Goyer
Blast from the Past, The,Bill Kelly,Hugh Wilson
Blind Side, The,John Lee Hancock,Michael Lewis
Bling Ring, The,Sofia Coppola
Blood and Wine,Nick Villiers
Blood Simple,Joel Coen,Ethan Coen
Blow,David McKenna,Nick Cassavetes
Blue Valentine,Derek Cianfrance,Cami Delavigne,Joey Curtis
Blue Velvet,David Lynch
Blues Brothers, The,John Landis,Dan Aykroyd
Bodies, Rest & Motion,Roger Hedden
Body Heat,Lawrence Kasdan
Body of Evidence,Brad Mirman
Bodyguard,Lawrence Kasdan
Bones,Adam Simon,Tim Metcalfe
Bonfire of the Vanities,Michael Cristofer
Bonnie and Clyde,David Newman,Robert Benton
Boogie Nights,Paul Thomas Anderson
Book of Eli, The,Gary Whitta
Boondock Saints 2: All Saints Day,Troy Duffy
Boondock Saints, The,Troy Duffy
Bottle Rocket,Owen Wilson,Wes Anderson
Bound,Andy Wachowski,Larry Wachowski
Bounty Hunter, The,Sarah Thorp
Bourne Identity, The,Tony Gilroy,Robert Ludlum
Bourne Supremacy, The,Tony Gilroy,Brian Helgeland,Robert Ludlum
Bourne Ultimatum, The,Tony Gilroy,Scott Z. Burns,George Nolfi
Box, The,Richard Kelly,Richard Matheson
Boxtrolls, The,Irena Brignull,Adam Pava
Boyhood,Richard Linklater
Braveheart,Randall Wallace
Brazil,Terry Gilliam,Charles McKeown
Break,Oliver Stone
Breakdown,Jonathan Mostow
Breakfast Club, The,John Hughes
Breaking Away,Steve Tesich
Brick,Rian Johnson
Bridesmaids,Annie Mumolo
Bringing Out the Dead,Paul Schrader
Broadcast News,James L. Brooks
Broken Arrow,Graham Yost
Broken Embraces,Pedro Almodovar
Brothers Bloom, The,Rian Johnson
Bruce Almighty,Steve Koren,Mark O'Keefe,Steve Oedekerk
Buffy the Vampire Slayer,Joss Whedon
Bull Durham,Ron Shelton
Buried,Chris Sparling
Burlesque,Steven Antin
Burn After Reading,Joel Coen,Ethan Coen
Burning Annie,Zack Ordynans
Butterfly Effect, The,J. Mackye Gruber,Eric Bress
Cable Guy,Lou Holtz Jr.,Judd Apatow
Candle to Water,Nick Green
Capote,Dan Futterman
Carrie,Lawrence D. Cohen,Stephen King
Cars 2,Ben Queen
Casablanca,Julius Epstein,Philip Epstein,Howard Koch
Case 39,Ray Wright
Casino,Nicholas Pileggi,Martin Scorsese
Cast Away,William Broyles Jr.
Catch Me If You Can,Jeff Nathanson
Catwoman,Daniel Waters
Cecil B. Demented,John Waters
Cedar Rapids,Phil Johnston
Celeste & Jesse Forever,Rashida Jones,Will McCormack
Cell, The,Mark Protosevich
Cellular,Larry Cohen,Chris Morgan,J. Mackye Gruber,Eric Bress
Change-Up, The,Jon Lucas,Scott Moore
Changeling,J Michael Straczynski
Chaos,Tony Giglio
Charade,Peter Stone
Charlie's Angels,Ed Solomon,John August,Zak Penn
Chasing Amy,Kevin Smith
Chasing Sleep,Michael Walker
Cherry Falls,Ken Selden
Chinatown,Robert Towne
Christ Complex,Jeffrey Scott Richards
Chronicle,Max Landis,Josh Trank
Chronicles of Narnia: The Lion, the Witch and the Wardrobe,C.S. Lewis,Ann Peacock
Cider House Rules, The,John Irving
Cincinnati Kid, The,Ring Lardner Jr,Terry Southern,Richard Jessup
Cinema Paradiso,Giuseppe Tornatore
Cirque du Freak: The Vampire's Assistant,Brian Helgeland
Citizen Kane,Herman J. Mankiewicz,Orson Welles
City of Joy,Gerald Brach,Roland Joffe
Clash of the Titans,John Glenn,Travis Wright
Clerks,Kevin Smith
Cliffhanger,Michael France
Clockwork Orange, A,Stanley Kubrick
Clueless,Amy Heckerling
Cobb,Ron Shelton
Coco,Lee Unkrich,Jason Katz,Matthew Aldrich,Adrian Molina
Code of Silence,Michael Butler,Dennis Shryack,Mike Gray,John Mason
Cold Mountain,Charles Frazier,Anthony Minghella
Collateral,Stuart Beattie,Frank Darabont,Michael Mann
Collateral Damage,Ronald Roose
Colombiana,Robert Mark Kamen,Luc Besson
Color of Night,Billy Ray,Matthew Chapman
Commando,Richard Tuggle
Conan the Barbarian,Thomas Dean Donnelly,Joshua Oppenheimer
Confessions of a Dangerous Mind,Charlie Kaufman
Confidence,Doug Jung
Constantine,Jamie Delano,Garth Ennis
Contact,Carl Sagan,Ann Druyan,James V. Hart,Michael Goldenberg
Cooler, The,Frank Hannah,Wayne Kramer
Copycat,Frank Pierson,Ann Biderman,Jay Presson Allen
Coraline,Henry Selick,Neil Gaiman
Coriolanus,John Logan,William Shakespeare
Courage Under Fire,Patrick Sheane Duncan
Cowboys & Aliens,Alex Kurtzman,Roberto Orci,Damon Lindelof
Cradle 2 the Grave,John O'Brian,Channing Gibson
Crank,Mark Neveldine,Brian Taylor
Crash,J.G. Ballard,David Cronenberg
Crazy, Stupid, Love,Dan Fogelman
Crazylove,Carol Watson
Creation,John Collee
Crime Spree,Brad Mirman
Croods, The,Kirk DeMicco,Chris Sanders
Crouching Tiger, Hidden Dragon,Wang Hui Ling,James Schamus,Tsai Kuo Jung
Croupier,Paul Mayersberg
Crow Salvation, The,Chip Johannessen
Crow, The,David Schow
Crow: City of Angels, The,David S Goyer,James O'Barr
Cruel Intentions,Roger Kumble
Crying Game,Neil Jordan
Cube,Andre Bijelic,Vincenzo Natali,Graeme Manson
Curious Case of Benjamin Button, The,Eric Roth
Custody,Eric Stuyvesant
Dallas Buyers Club,Craig Borten,Melisa Wallack
Damned United, The,Peter Morgan,David Peace
Dances with Wolves,Michael Blake
Danish Girl, The,Lucinda Coxon,David Ebershoff
Dark City,Alex Proyas
Dark Knight Rises, The,Jonathan Nolan,Christopher Nolan
Dark Knight, The,Jonathan Nolan,Christopher Nolan
Dark Star,John Carpenter,Dan O'Bannon
Darkman,Joshua Goldin,Daniel Goldin,Sam Raimi,Ivan Raimi,Chuck Pfarrer
Date Night,Josh Klausner
Dave Barry's Complete Guide to Guys,Jeff Arch,Dave Barry
Dawn of the Dead,George A. Romero
Day of the Dead,George A. Romero
Day the Clown Cried, The,Charles Denton,Jerry Lewis
Day the Earth Stood Still, The,Edmund H. North
Days of Heaven,Terrance Malick
Dead Poets Society,Tom Schulman
Deadpool,Rhett Reese,Paul Wernick
Dear White People,Justin Simien
Death at a Funeral,Chris Rock,Aeysha Carr
Death to Smoochy,Marty Kaplan
Debt, The,Matthew Vaughn,Jane Goldman,Peter Straughan
Deception,Mark Bomback,Patrick Marber
Deep Cover,Michael Tolkin,Henry Bean
Deep Rising,Steven Sommers,Robert Mark Kamen
Deer Hunter, The,Deric Washburn
Defiance,Clayton Frohman,Edward Zwick
Departed, The,William Monahan
Descendants, The,Alexander Payne,Nat Faxon,Jim Rash
Despicable Me 2,Cinco Paul,Ken Daurio
Detroit Rock City,Carl V Dupre
Devil in a Blue Dress,Carl Franklin,Walter Mosley
Devil Wears Prada, The,Aline Brosh McKenna,Lauren Weisberger
Devil's Advocate,Andrew Neiderman,Jonathan Lemkin
Die Hard,Jeb Stuart,Steven E. De Souza
Die Hard 2,Doug Richardson,Steven E. de Souza
Diner,Barry Levinson
Distinguished Gentleman, The,Adam Resnick
Disturbia,Christopher Landon,Carl Ellsworth
Django Unchained,Quentin Tarantino
Do The Right Thing,Spike Lee
Dog Day Afternoon,Frank Pierson
Dogma,Kevin Smith
Donnie Brasco,Paul Attanasio
Donnie Darko,Richard Kelly
Doors, The,Randall Jahnson,Oliver Stone
Double Indemnity,James M. Cain,Billy Wilder,Raymond Chandler
Drag Me to Hell,Ivan Raimi,Sam Raimi
Dragonslayer,Hal Barwood,Matthew Robbins
Drive,Hossein Amini,James Sallis
Drive Angry,Todd Farmer,Patrick Lussier
Drop Dead Gorgeous,Lona Williams
Dry White Season, A,Euzhan Palcy
Duck Soup,Bert Kelmer,Harry Ruby,Grover Jones
Dumb and Dumber,Peter Farrelly,Bobby Farrelly, Bennett Yellin
Dune,David Lynch,Frank Herbert
E.T.,Melissa Mathison
Eagle Eye,John Glenn,Travis Wright
Eastern Promises,Steven Knight
Easy A,Bert V. Royal
Ed TV,Emile Gaudreault,Sylvie Bochard
Ed Wood,Scott Alexander,Larry Karaszewski,Tim Burton
Edward Scissorhands,Tim Burton,Caroline Thompson
Eight Legged Freaks,Jesse Alexander, Ellory Elkayem
El Mariachi,Robert Rodriguez
Election,Alexander Payne,Jim Taylor
Elephant Man, The,Christopher De Vore,Eric Bergren,David Lynch
Elizabeth: The Golden Age,William Nicholson,Michael Hirst
Elvis,Baz Luhrmann,Sam Bromell,Craig Pearce,Jeremy Doner
Enemy of the State,David Marconi
English Patient, The,Anthony Minghella
Enough,Nicholas Kazan
Entrapment,Ronald Bass,Michael Herzberg
Equilibrium,Kurt Wimmer
Erik the Viking,Terry Jones
Erin Brockovich,Susannah Grant
Escape From L.A.,John Carpenter,Debra Hill,Kurt Russell
Escape From New York,John Carpenter,Nick Castle
Eternal Sunshine of the Spotless Mind,Charlie Kaufman,Michel Gondry,Pierre Bismuth
Even Cowgirls Get the Blues,Tom Robbins,Gus Van Sant
Event Horizon,Philip Eisner
Evil Dead,Sam Raimi
Evil Dead II: Dead by Dawn,Sam Raimi,Scott Spiegel
Ex Machina,Alex Garland
Excalibur,Rospo Pallenberg,John Boorman
Executive Decision,Jim Thomas,John Thomas
eXistenZ,David Cronenberg
Extract,Mike Judge
Eyes Wide Shut,Stanley Kubrick,Frederic Raphael
Fabulous Baker Boys, The,Steven Kloves
Face Off,Mike Werb,Michael Colleary
Fair Game,Jez Butterworth,John-Henry Butterworth
FairyTale: A True Story,Ernie Contreras
Family Man, The,David Diamond,David Weissman
Fantastic Four,Mark Frost,Michael France
Fantastic Mr Fox,Roald Dahl,Wes Anderson,Noah Baumbach
Fargo,Joel Coen,Ethan Coen
Fast Times at Ridgemont High,Cameron Crowe
Fatal Instinct,David O'Malley
Fault in Our Stars, The,Scott Neustadter,Michael H. Weber
Fear and Loathing in Las Vegas,Terry Gilliam,Tony Grisoni
Feast,Patrick Melton,Marcus Dunston
Ferris Bueller's Day Off,John Hughes
Field of Dreams,Phil Alden Robinson
Fifth Element, The,Luc Besson
Fight Club,Jim Uhls
Fighter, The,Scott Silver,Paul Tamasy,Eric Johnson
Final Destination,James Wong,Glen Morgan
Final Destination 2,J. Mackye Gruber,Eric Bress
Finding Nemo,Andrew Stanton
First Cow,Jon Raymond,Kelly Reichardt
Five Easy Pieces,Carole Eastman
Flash Gordon,Lorenzo Semple Jr.
Fletch,Phil A. Robinson,Andrew Bergman
Flight,John Gatins
Flintstones, The,Steven E. De Souza
Forrest Gump,Eric Roth,Winston Groom
Four Feathers,Michael Chiffer,Hossein Amini
Four Rooms,Allison Anders,Quentin Tarantino,Robert Rodriguez,Alexandre Rockwell
Foxcatcher,E. Max Frye,Dan Futterman
Fracture,Dan Pyne
Frances,Eric Bergren,Christopher De Vore,Nicholas Kazan
Frankenstein,Steph Lady,Frank Darabont
Frankenweenie,John August
Freaked,Tim Burns,Tom Stern,Alex Winter
Freddy vs. Jason,Peter Briggs
French Connection, The,Ernest Tidyman
Frequency,Toby Emmerich
Friday the 13th,Victor Miller
Friday the 13th Part VIII: Jason Takes Manhattan,Rob Hedden
Fright Night,Marti Noxon
Fright Night (1985),Tom Holland
From Dusk Till Dawn,Quentin Tarantino
From Here to Eternity,Daniel Taradash
Frozen,Adam Green
Frozen (Disney),Jennifer Lee
Frozen River,Courtney Hunt
Fruitvale Station,Ryan Coogler
Fugitive, The,Jeb Stuart,David N. Twohy
Full Metal Jacket,Stanley Kubrick,Michael Herr,Gustav Hasford
Funny People,Judd Apatow
Fury,David Ayer
G.I. Jane,David Twohy
G.I. Joe: The Rise of Cobra,Stuart Beattie,John Lee Hancock,Brian Koppelman,David Levien
Game 6,Don DeLillo
Game, The,John Brancato,Michael Ferris,Larry Gross,Andrew Kevin Walker
Gamer,Mark Neveldine,Brian Taylor
Gandhi,John Briley
Gang Related,Jim Kouf
Gangs of New York,Jay Cocks,Steven Zaillian,Kenneth Lonergan
Garden State,Zach Braff
Gattaca,Andrew Niccol
Get Carter,Mike Hodges,Ted Lewis
Get Low,Chris Provenzano,Scott Seeke,C. Gaby Mitchell
Get on Up,Steven Baigelman,Jez Butterworth,John-Henry Butterworth
Get Out,Jordan Peele
Get Shorty,Scott Frank
Getaway, The,Walter Hill
Ghost,Bruce Joel Rubin
Ghost and the Darkness, The,William Goldman
Ghost Rider,David S. Goyer
Ghost Ship,Mark Hanlon
Ghost World,Daniel Clowes,Terry Zwigoff
Ghostbusters,Dan Aykroyd,Harold Ramis
Ghostbusters 2,Dan Aykroyd,Harold Ramis
Ginger Snaps,Karen Walton
Girl with the Dragon Tattoo, The,Steven Zaillian
Gladiator,David Franzoni,John Logan
Glengarry Glen Gross,David Mamet
Go,John August
Godfather,Mario Puzo,Francis Ford Coppola
Godfather Part II,Mario Puzo,Francis Ford Coppola
Godfather Part III, The,Mario Puzo,Francis Ford Coppola
Gods and Monsters,Bill Condon
Godzilla,Dean Devlin,Roland Emmerich
Gone Baby Gone,Ben Affleck,Aaron Stockard
Gone in 60 Seconds,Scott Rosenberg
Good Girl, The,Mike White
Good Will Hunting,Matt Damon,Ben Affleck
Goodfellas,Nicholas Pileggi
Gothika,Sebastian Gutierrez
Grabbers,Kevin Lehane
Graduate, The,Buck Henry
Gran Torino,Nick Schenk
Grand Hotel,Bela Balazs
Grand Theft Parsons,Jeremy Drysdale
Grapes of Wrath, The,Nunnally Johnson
Gravity,Alfonso Cuaron,Jonas Cuaron
Great Gatsby, The,Baz Luhrmann,Craig Pearce
Green Mile, The,Stephen King,Frank Darabont
Gremlins,Chris Columbus
Gremlins 2,Charlie Haas
Grifters, The,Donald E. Westlake
Grosse Point Blank,Tom Jankiewicz, D.V. deVincentis, S.K. Boatman,John Cusack
Groundhog Day,Danny Rubin
Grudge, The,Stephen Susco
Guardians of the Galaxy Vol 2,James Gunn
Hackers,Rafael Moreu
Hall Pass,Peter Farrelly,Bobby Farrelly,Kevin Barnett,Pete Jones
Halloween,Jeff Fradley,Danny McBride,David Gordon Green
Halloween: The Curse of Michael Myers,Daniel Farrands
Hancock,Vincent Ngo,Vince Gilligan
Hangover, The,Jon Lucas,Scott Moore
Hanna,Seth Lochead
Hannah and Her Sisters,Woody Allen
Hannibal,Steven Zaillian
Happy Birthday, Wanda June,Kurt Vonnegut Jr.
Happy Feet,George Miller,John Collee
Hard Rain,Graham Yost
Hard to Kill,Steven Pressfield,Ronald Shusett,Steven Seagal
Harold and Kumar Go to White Castle,Jon Hurwitz,Hayden Schlossberg
Harry Potter and the Chamber of Secrets,J.K. Rowling,Steven Kloves
Harry Potter and the Deathly Hallows Part 1,Steve Kloves
Harry Potter and the Goblet of Fire,Steven Kloves,J.K. Rowling
Harry Potter and the Half-Blood Prince,Steve Kloves,J.K. Rowling
Harry Potter and the Prisoner of Azkaban,J.K. Rowling,Steven Kloves
Harry Potter and the Sorcerer's Stone,J.K. Rowling,Steven Kloves
Haunting, The,David Self,Michael Tolkin
He's Just Not That Into You,Abby Kohn,Marc Silverstein
Heat,Michael Mann
Heathers,Daniel Waters
Heavenly Creatures,Fran Walsh,Peter Jackson
Heavy Metal,Dan Goldberg,Len Blum
Hebrew Hammer, The,Jonathan Kesselman
Heist,David Mamet
Hellbound: Hellraiser II,Peter Atkins,Clive Barker
Hellboy,Mike Mignola,Guillermo del Toro,Peter Briggs
Hellboy 2: The Golden Army,Guillermo del Toro
Hellraiser,Clive Barker
Hellraiser 3: Hell on Earth,Peter Atkins,Tony Randel
Hellraiser: Deader,Clive Barker,Neal Marshall Stevens,Tim Day
Hellraiser: Hellseeker,Carl Dupre,Clive Barker
Help, The,Tate Taylor,Kathryn Stockett
Henry Fool,Hal Hartley
Henry's Crime,Sacha Gervasi
Her,Spike Jonze
Hesher,Spencer Susser,David Michod
High Fidelity,Nick Hornby,D.V. DeVincentis
Highlander,Gregory Widen
Highlander: Endgame,Gillian Horvath,William N. Panzer,Joel Soisson
Hills Have Eyes, The,Alexandre Aja,Gregory Levasseur
His Girl Friday,Ben Hecht,Charles MacArthur
Hitchcock,John J. McLaughlin,Stephen Rebello
Hitchhiker's Guide to the Galaxy, The,Douglas Adams
Hollow Man,Gary Scott Thompson,Andrew W. Marlowe
Honeydripper,John Sayles
Horrible Bosses,Michael Markowitz
Horse Whisperer, The,Eric Roth
Hospital, The,Paddy Chayefsky
Hostage,Robert Crais
Hot Tub Time Machine,Josh Heald
Hotel Rwanda,Keir Pearson,Terry George
House of 1000 Corpses,Rob Zombie
How to Lose Friends & Alienate People,Peter Straughan
How to Train Your Dragon,Dean DeBlois,Chris Sanders
How to Train Your Dragon 2,Dean DeBlois,Cressida Cowell
Hudson Hawk,Steven E. De Souza,Daniel Waters
Hudsucker Proxy, The,Joel Coen,Ethan Coen,Sam Raimi
Human Nature,Charlie Kaufman
Hunt for Red October, The,Larry Ferguson,Tom Clancy
Hurt Locker, The,Mark Boal,Kathryn Bigelow
I Am Number Four,Alfred Gough,Miles Millar
I am Sam,Kristine Johnson,Jessie Nelson
I Love You Phillip Morris,Glenn Ficarra,John Requa
I Spit on Your Grave,Adam Rockoff
I Still Know What You Did Last Summer,Trey Callaway
I'll Do Anything,James L. Brooks
I, Robot,Hillary Seitz
Ice Storm, The,James Schamus
Ides of March, The,George Clooney,Grant Heslov,Beau Willimon
Imaginarium of Doctor Parnassus, The,Terry McKeown,Charles Gilliam
In the Bedroom,Robert Festinger,Todd Field
In the Loop,Jesse Armstrong,Simon Blackwell,Armando Iannucci,Tony Roche
Inception,Christopher Nolan
Incredibles, The,Brad Bird
Independence Day,Dean Devlin,Roland Emmerich
Indiana Jones and the Last Crusade,George Lucas,Philip Kaufman,Menno Meyjes,Jeffrey Boam
Indiana Jones and the Raiders of the Lost Ark,George Lucas,Philip Kaufman,Lawrence Kasda
Indiana Jones and the Temple of Doom,George Lucas,Willard Huyck,Gloria Katz
Indiana Jones IV,Christopher Columbus
Informant, The,Scott Z. Burns,Kurt Eichenwald
Inglourious Basterds,Quentin Tarantino
Innerspace,Jeffrey Boam
Insider, The,Eric Roth,Michael Mann
Insidious,Leigh Whannell
Insomnia,Hilary Seitz
Interstellar,Jonathan Nolan
Interview with the Vampire,Anne Rice,Neil Jordan
Into the Wild,Sean Penn,Jon Krakauer
Into the Woods,James Lapine,Stephen Sondheim
Intolerable Cruelty,Matthew Stone,John Romano,Robert Ramsey,Ethan Coen,Joel Coen
Inventing the Abbotts,Ken Hixon
Invention of Lying, The,Ricky Gervais,Matthew Robinson
Invictus,Anthony Peckham
Iron Lady, The,Abi Morgan
Island, The,Caspian Tredwell-Owen
It,Chase Palmer,Cary Fukunaga
It Happened One Night,Samuel Hopkins Adams,Robert Riskin
It Happened One Night,Samuel Hopkins Adams,Robert Riskin
It's a Wonderful Life,Frank Capra,Frances Goodrich,Albert Hackett,Jo Swerling
It's Complicated,Nancy Meyers
Italian Job, The,Donna Powers,Wayne Powers,Troy Kennedy-Martin
Jacket, The,Marc Rocco,Tom Bleecker,Massy Tadjedin
Jackie Brown,Quentin Tarantino
Jacob's Ladder,Bruce Joel Rubin
Jade,Joe Eszterhas
Jane Eyre,Moira Buffini
Jason X,Todd Farmer
Jaws,Peter Benchley,Carl Gottlieb
Jaws 2,Carl Gottlieb,Howard Sackler
Jay and Silent Bob Strike Back,Kevin Smith
Jennifer Eight,Bruce Robinson
Jennifer's Body,Diablo Cody
Jerry Maguire,Cameron Crowe
Jeux Interdits,Jean Aurenche,Pierre Bost,Francois Boyer,Rene Clement
JFK,Jim Marrs,Jim Garrison,Oliver Stone,Zachary Sklar
Jimmy and Judy,Randall Rubin,Jon Schroder
John Q,James Kearns
John Wick,Derek Kolstad
Jojo Rabbit,Christine Leunens,Taika Waititi
Joker,Todd Phillips,Scott Silver
Judge Dredd,Steven E. de Souza
Juno,Diablo Cody
Jurassic Park,David Koepp
Jurassic Park III,Peter Buchman,Alexander Payne,John August,Jim Taylor
Jurassic Park: The Lost World,David Koepp
Kafka,Lem Dobbs
Kalifornia,Tim Metcalfe
Kate & Leopold,James Mangold,Steven Rogers
Kids,Larry Clark,Harmony Korine
Kids Are All Right, The,Lisa Cholodenko,Stuart Blumberg
Kill Bill Volume 1 & 2,Quentin Tarantino
Kill Your Darlings,John Krokidas,Austin Bunn
Killers of the Flower Moon,Eric Roth,Martin Scorsese,David Grann
Killing Zoe,Roger Avary
King Kong,Fran Walsh,Philippa Boyens,Peter Jackson
King of Comedy, The,Paul D. Zimmerman
King's Speech, The,David Seidler
Kingdom, The,Matthew Michael Carnahan
Kiss of the Spider Woman,Leonard Schrader
Klute,Andy Lewis,David Lewis
Knocked Up,Judd Apatow
Kramer vs Kramer,Robert Benton
Kundun,Melissa Mathison
Kung Fu Panda,Jonathan Aibel,Glenn Berger
L.A. Confidential,Brian Helgeland
La La Land,Damien Chazelle
Labor of Love,M. Night Shyamalan
Labyrinth,Dennis Lee,Jim Henson,Terry Jones,Elaine May
Ladykillers, The,William Rose,Joel Coen,Ethan Coen
Lake Placid,David E Kelley
Land of the Dead,George A. Romero
Larry Crowne,Tom Hanks
Last Boy Scout, The,Shane Black
Last Chance Harvey,Joel Hopkins
Last Flight, The,John Monk Saunders
Last of the Mohicans, The,Michael Mann,Christopher Crowe
Last Samurai, The,John Logan,Edward Zwick,Marshall Herskovitz
Last Station, The,Michael Hoffman,Jan Parini
Last Tango in Paris,Bernardo Bertolucci,Franco Arcalli
Law Abiding Citizen,Frank Darabont,Kurt Wimmer
Le Diable par la Queue,Daniel Boulanger,Claude Sautet
Leaving Las Vegas,Mike Figgis,John O'Brian
Legally Blonde,Karen McCullah Lutz,Kirsten Smith
Legend,William Hjortsberg
Legion,Peter Schink,Scott Stewart
LEGO Movie, The,Chris Miller,Phil Lord
Les Miserables,William Nicholson,Alain Boublil,Claude- Michel Schonberg,Herbert Kretzmer
Les Tontons Flingueurs,Michel Audiard,Georges Lautner,Albert Simonin
Lethal Weapon,Shane Black
Lethal Weapon 4,Channing Gibson,Jonathan Lemkin,Alfred Gough,Miles Millar
Leviathan,David Peoples,Jeb Stuart
Liar Liar,Tom Shadyac,Mike Binder
Life,Robert Ramsey,Matthew Stone
Life As A House,Mark Andrus
Life of David Gale, The,Charles Randolph
Life of Pi,David Magee,Yann Martel
Light Sleeper,Paul Schrader
Limey, The,Lem Dobbs
Limitless,Leslie Dixon
Lincoln,Tony Kushner
Lincoln Lawyer, The,John Romano,Michael Connelly
Lion King, The,Irene Mecchi,Jonathan Roberts
Little Athens,Jeff Zuber,Tom Zuber
Little Men,Ira Sachs,Mauricio Zacharias
Little Mermaid, The,Roger Allers,Hans Christian Andersen,Howard Ashman,Ron Clements,John Musker
Little Nicky,Tim Herlihy,Adam Sandler,Steven Brill
Living in Oblivion,Tom DiCillo
Lock, Stock and Two Smoking Barrels,Guy Ritchie
Logan,Scott Frank,James Mangold,Michael Green
Logan's Run,David Zelgan Goodman
Lone Star,John Sayles
Long Kiss Goodnight, The,Shane Black
Looper,Rian Johnson
Lord of Illusions,Clive Barker
Lord of the Rings: Fellowship of the Ring, The,Frances Walsh,Philippa Boyens,Peter Jackson
Lord of the Rings: Return of the King,Peter Jackson,Fran Walsh,Philippa Boyens
Lord of the Rings: The Two Towers,Peter Jackson,Fran Walsh,Philippa Boyens
Lord of War,Andrew Niccol
Losers, The,Peter Berg,James Vanderbilt
Lost Highway,David Lynch,Barry Gifford
Lost Horizon,James Hilton,Robert Riskin
Lost in Space,Irwin Allen,Akiva Goldsman
Lost in Translation,Sofia Coppola
Love and Basketball,Gina Prince-Bythewood
Machete,Robert Rodriguez
Machine Gun Preacher,Jason Keller
Mad Max 2: The Road Warrior,Terry Hayes,George Miller,Brian Hannant
Made,Jon Favreau
Magnolia,Paul Thomas Anderson
Majestic, The (The Bijou),Michael Slone
Major League,David S. Ward
Malcolm X,Spike Lee,Arnold Perl
Malibu's Most Wanted,Fax Bahr,Adam Small,Jamie Kennedy,Nick Swardson
Man in the Iron Mask,Randall Wallace
Man On Fire,Brian Helgeland
Man on the Moon,Scott Alexander,Larry Karaszewski
Man Trouble,Carole Eastman
Man Who Knew Too Much, The,John Michael Hayes
Man Who Wasn't There, The,Joel Coen,Ethan Coen
Manchurian Candidate, The,Richard Condon,George Axelrod,Dean Georgaris
Manhattan Murder Mystery,Woody Allen,Marshall Brickman
Manhunter,Thomas Harris,Michael Mann
Margaret,Kenneth Lonergan
Margin Call,J.C. Chandor
Margot at the Wedding,Noah Baumbach
Mariachi, El,Robert Rodriguez
Marley & Me,Don Roos
Martha Marcy May Marlene,Sean Durkin
Martian, The,Drew Goddard
Marty,Paddy Chayefsky
Mary Poppins,Bill Walsh,Don DaGradi
Mask, The,Mark Verheiden
Master and Commander,John Collee,Peter Weir
Master, The,Paul Thomas Anderson
Matchstick Men,Ted Griffin,Nick Griffin
Matrix Reloaded, The,Andy Wachowski,Larry Wachowski
Matrix, The,Larry Wachowski,Andy Wachowski
Max Payne,Beau Michael Thorne
Mean Streets,Martin Scorsese,Mardik Martin,Ethan Edwards
Mechanic, The,Karl Gajdusek,Lewis John Carlino
Meet Joe Black,Bo Goldman,Ron Osborn,Jeff Reno,Kevin Wade
Meet John Doe,Richard Connell,Robert Presnell Sr.
Megamind,Alan Schoolcraft,Brent Simons
Memento,Christopher Nolan,Jonathan Nolan
Men in Black,Lowell Cunningham,Ed Solomon
Men in Black 3,Etan Cohen,Lowell Cunningham
Men Who Stare at Goats, The,Peter Straughan,Jon Ronson
Metro,Randy Feldman
Miami Vice,Michael Mann,Anthony Yerkovich
Midnight Cowboy,James Leo Herlihy,Waldo Salt
Midnight Express,Oliver Stone,Billy Hayes,William Hoffer
Midnight in Paris,Woody Allen
Mighty Joe Young,Mark Rosenthal,Lawrence Konner,Ruth Rose
Mighty Morphin Power Rangers: The Movie,John Kamps,Arne Olsen
Milk,Dustin Lance Black
Miller's Crossing,Joel Coen,Ethan Coen
Mimic,Matt Greenberg,Guillermo del Toro
Mini's First Time,Nick Guthe
Minority Report,Scott Frank
Miracle Worker, The,William Gibson
Mirrors,Alexandre Aja,Gregory Levasseur
Misery,William Goldman
Mission Impossible,Robert Towne
Mission Impossible II,Robert Towne
Mission to Mars,Lowell Cannon,Jim Thomas,John Thomas,Graham Yost
Moneyball,Steven Zaillian,Aaron Sorkin
Monkeybone,Sam Hamm,Kaja Blackley,Vanessa Chong
Monster's Ball,Milo Addica,Will Rokos
Monte Carlo,Ron Bass
Moon,Duncan Jones,Nathan Parker
Moonrise Kingdom,Wes Anderson,Roman Coppola
Moonstruck,John Patrick Shanley
Mr Blandings Builds His Dream House,Melvin Frank,Norman Panama
Mr Brooks,Bruce A. Evans,Raynold Gideon
Mr Deeds Goes to Town,Clarence Budington Kelland,Robert Riskin
Mr. Holland's Opus,Patrick Sheane Duncan
Mrs. Brown,Jeremy Brock
Mud,Jeff Nichols
Mulan,Robert D. San Souci
Mulholland Drive,David Lynch
Mumford,Lawrence Kasdan
Mummy, The,Nina Wilcox Putnam,Richard Schayer,John L. Balderston,Stephen Sommers,Lloyd Fonvielle,Kevin Jarre
Music of the Heart,Pamela Gray
Mute Witness,Anthony Waller
My Best Friend's Wedding,Ronald Bass
My Girl,Laurice Elehwany
My Mother Dreams the Satan's Disciples in New York,Rex Pickett
My Week with Marilyn,Adrian Hodges
Mystery Men,Neil Cuthbert
Napoleon Dynamite,Jared Hess,Jerusha Hess
Nashville,Joan Tewksbury
Natural Born Killers,Quentin Tarantino,David Veloz,Richard Rutowski,Oliver Stone
Never Been Kissed,Jerry Bicks,Abby Kohn,Marc Silverstein
Neverending Story, The,Michael Ende,Wolfgang Petersen,Herman Weigel
New York Minute,Emily Fox
Newsies,Bob Tzudiker,Noni White,David Fallon,Tom Rickman
Next,Gary Goldman
Next Friday,Ice Cube
Next Three Days, The,Paul Haggis
Ni vu ni connu,Alphonse Allais,Jacques Celhay,Jean Marsan,Yves Robert
Nick of Time,Patrick Duncan,Ebbe Roe Smith
Night Time (The Poltergeist Treatment),Steven Spielberg
Nightbreed,Clive Barker
Nightmare Before Christmas, The,Caroline Thompson
Nightmare Before Christmas, The,Tim Burton,Michael McDowell
Nightmare on Elm Street, A,Wes Craven
Nightmare on Elm Street: The Final Chapter,Wes Craven,Rachel Talalay
Nine,Michael Tolkin,Anthony Minghella
Nines, The,John August
Ninja Assassin,Matthew Sand,J. Michael Straczynski
Ninotchka,Melchior Lengyel,Charles Brackett,Billy Wilder,Walter Reisch
Ninth Gate, The,Arturo Perez-Reverte,John Brownjohn,Enrique Urbizu,Roman Polanski
No Country for Old Men,Ethan Coen,Joel Coen
No Strings Attached,Elizabeth Meriwether
Notting Hill,Richard Curtis
Nurse Betty,John C. Richards,James Flamberg
O Brother Where Art Thou?,Joel Coen,Ethan Coen
Oblivion,Joseph Kosinski,Karl Gajdusek,William Monahan
Observe and Report,Jody Hill
Obsessed,David Loughery
Ocean's Eleven,Ted Griffin,George Clayton Johnson,Jack Golden Russell,Harry Brown,Charles Lederer
Ocean's Twelve,George Nolfi
Office Space,Mike Judge
Officer and a Gentleman, An,Douglas Day Stewart
Omega Man,John William Corrington
One Flew Over the Cuckoo's Nest,Bo Goldman,Lawrence Hauben,Ken Kesey
Only God Forgives,Nicolas Winding Refn
Ordinary People,Alvin Sargent,Judith Guest
Orgy of the Dead,Ed Wood
Orphan,David Leslie Johnson
Other Boleyn Girl, The,Peter Morgan,Philippa Gregory
Out of Sight,Scott Frank
Outbreak,Lawrence Dworet,Robert Roy
Pacifier, The,Thomas Lennon,Robert Ben Garant,Jason Fulardi
Pandorum,Travis Milloy
Panic Room,David Koepp
Papadopoulos & Sons,Marcus Markou
ParaNorman,Chris Butler
Pariah,Dee Rees
Passengers,Jon Spaihts
Passion of Joan of Arc, The,Joseph Delteil,Carl Theodor Dreyer
Patriot, The,Robert Rodat
Paul,Simon Pegg,Nick Frost
Pearl Harbor,Randall Wallace
Peeping Tom,Leo Marks
Peggy Sue Got Married,Jerry Leichtling,Arlene Sarner
Perfect Creature,Glenn Standring
Perfect World, A,John Lee Hancock
Perks of Being a Wallflower, The,Stephen Chbosky
Pet Sematary,Stephen King
Pet Sematary II,Richard Outten,David S. Goyer
Petulia,Larry Marcus
Philadelphia,Ron Nyswaner
Phone Booth,Larry Cohen
Pi,Darren Aronofsky
Pianist, The,Ronald Harwood,Wladyslaw Szpilman
Piano, The,Jane Campion
Pineapple Express,Judd Apatow,Seth Rogen,Evan Goldberg
Pirates of the Caribbean,Ted Elliot,Terry Rossio
Pirates of the Caribbean: Dead Man's Chest,Ted Elliott,Terry Rossio
Pitch Black,David Twohy
Planet of the Apes, The,Michael Wilson
Platinum Blonde,Harry E. Chandlee,Douglas W. Churchill,Robert Riskin
Platoon,Oliver Stone
Pleasantville,Gary Ross
Point Break,W. Peter Iliff,Rick King,Kathryn Bigelow
Pokemon: Mewtwo Returns,Masamitsu Hidaka
Postman, The,Brian Helgeland,Eric Roth
Power of One, The,Robert Mark Kamen
Precious,Geoffrey Fletcher
Predator,Jim Thomas,John Thomas
Prestige, The,Jonathan Nolan,Christopher Nolan
Pretty Woman,J.F. Lawton
Pretty Woman (final script),Jonathan Frederick Lawton
Pride and Prejudice,Deborah Moggach
Priest,Cory Goodman
Princess Bride, The,William Goldman
Private Life of Sherlock Holmes, The,Billy Wilder,I.A.L Diamond
Producer, The,Mel Brooks
Program, The,David S. Ward,Aaron Latham
Prom Night,William Gray,Bob Guza
Prometheus,Jon Spaihts
Prophecy, The,Gregory Widen
Proposal, The,Pete Chiarelli
Psycho,Robert Bloch,Joseph Stefano
Public Enemies,Ronan Bennett,Michael Mann,Ann Eiderman
Pulp Fiction,Quentin Tarantino,Roger Avary
Punch-Drunk Love,Paul Thomas Anderson
Purple Rain,Albert Magnoli,William Blinn
Quantum Project,David Aaron Cohen
Queen of the Damned,Scott Abbott,Michael Petroni
Queen, The,Peter Morgan
Rachel Getting Married,Jenny Lumet
Raging Bull,Paul Schrader,Mardik Martin
Raising Arizona,Joel Coen,Ethan Coen
Rambling Rose,Calder Willingham
Rambo: First Blood II: The Mission,James Cameron
Reader, The,David Hare,Bernhard Schlink
Real Genius,Neal Israel,Pat Proft,Peter Torokvel
Rear Window,Cornell Woolrich,John Michael Hayes
Rebel Without A Cause,Stewart Stern
Red Planet,Chuck Pfarrer,Jonathan Lemkin
Red Riding Hood,David Leslie Johnson
Reindeer Games,Ehren Kruger
Relic, The,Amy Holden Jones
Remember Me,William Fetters,Jenny Lumet
Replacements, The,Vince McKewin
Repo Man,Alex Cox
Rescuers Down Under, The,Margery Sharp,Jim Cox,Karey Kirkpatrick
Reservoir Dogs,Quentin Tarantino
Resident Evil,George A. Romero
Return of the Apes,Terry Hayes
Revenant, The,Mark L. Smith
Revolutionary Road,Justin Haythe
Ringu,Takahashi Hiroshi
Rise of the Guardians,David Lindsay-Abaire
Rise of the Planet of the Apes,Rick Jaffa,Amanda Silver,Jamie Moss
RKO 281,John Logan
Road, The,Joe Penhall
Robin Hood: Prince of Thieves,Pen Densham,John Watson
Robocop,Michael Miner,Edward Neumeier
Rock, The,Jonathan Hensleigh
RocknRolla,Guy Ritchie
Rocky,Sylvester Stallone
Rocky Horror Picture Show, The,Richard O'Brien, Jim Sharman
Romeo & Juliet,William Shakespeare,Craig Pearce,Baz Luhrmann
Ronin,J.D. Zeik
Room,Emma Donoghue
Roommate, The,Sonny Mallhi,Frank Baldwin
Roughshod,Hugo Butler,Geoffrey Homes,Peter Viertel
Ruins, The,Scott Smith
Runaway Bride,Josann McGibbon,Sara Parriott
Rush,Peter Morgan
Rush Hour,Ross LaManna,Jim Kouf
Rush Hour 2,Jeff Nathanson
Rushmore,Wes Anderson,Owen Wilson
Rust and Bone,Jacques Audiard,Thomas Bidegain
S. Darko,Nathan Atkins
Saint, The,Jonathan Hensleigh
Salton Sea, The,Tony Gayton
Sandlot Kids, The,David Mickey Evans,Robert Gunter
Save the Last Dance,Duane G. Adler,Toni-Ann Johnson,Cheryl Edwards
Saving Mr. Banks,Kelly Marcel,Sue Smith
Saving Private Ryan,Robert Rodat
Saw,James Wan,Leigh Whannell
Scarface,Oliver Stone
Scary Movie 2,Shawn Wayans,Marlon Wayans
Schindler's List,Steven Zaillian
Scott Pilgrim vs the World,Edgar Wright,Michael Bacall
Scream,Kevin Williamson
Scream 2,Kevin Williamson
Scream 3,Kevin Williamson,Ehren Kruger
Se7en,Andrew Kevin Walker
Searchers, The,Frank Nugent
Secret Life of Walter Mitty, The,Steve Conrad
Semi-Pro,Scot Armstrong
Sense and Sensibility,Jane Austen,Emma Thompson
Serenity,Joss Whedon
Serial Mom,John Waters
Sessions, The,Ben Lewin
Seventh Seal, The,Ingmar Bergman
Sex and the City,Michael Patrick King
Sex, Lies and Videotape,Steven Soderbergh
Sexual Life,Ken Kwapis
Shadow of the Vampire,Steven Katz
Shakespeare in Love,Marc Norman,Tom Stoppard
Shallow Grave,John Hodge
Shame,Steve McQueen,Abi Morgan
Shampoo,Robert Towne,Warren Beatty
Shawshank Redemption, The,Frank Darabont
She's Out of My League,Sean Anders,John Morris
Sherlock Holmes,Michael Robert Johnson,Anthony Peckham,Simon Kinberg
Shifty,Eran Creevy
Shining, The,Stanley Kubrick,Diane Johnson
Shipping News, The,E. Annie Proulx,Robert Nelson Jacobs
Shivers,David Cronenberg
Shrek,William Steig,Ted Elliott
Shrek the Third,Peter Seaman,Jeffrey Price,Chris Miller,Aron Warner
Sicario,Taylor Sheridan
Sideways,Rex Pickett,Alexander Payne,Jim Taylor
Siege, The,Lawrence Wright,Menno Meyjes,Edward Zwick
Signs,M. Night Shyamalan
Silence of the Lambs,Thomas Harris,Ted Tally
Silver Bullet,Stephen King
Silver Linings Playbook,David O. Russell,Matthew Quick
Simone,Andrew Niccol
Single White Female,Don Roos,John Lutz
Sister Act,Paul Rudnick
Six Degrees of Separation,John Guare
Sixth Sense, The,M. Night Shyamalan
Sleepless in Seattle,Jeff Arch,Nora Ephron,David S. Ward
Sleepy Hollow,Andrew Kevin Walker,Tom Stoppard
Sling Blade,Billy Bob Thornton
Slither,James Gunn
Slumdog Millionaire,Simon Beaufoy,Vikas Swarup
Smashed,Susan Burke,James Ponsoldt
Smokin' Aces,Joe Carnahan
Snatch,Guy Ritchie
Sneakers,Phil Alden Robinson,Lawrence Lasker
Snow Falling On Cedars,Ronald Bass,Scott Hicks
Snow White and the Huntsman,Evan Daugherty,John Lee Hancock,Hossein Amini
So I Married an Axe Murderer,Robbie Fox
Social Network, The,Aaron Sorkin
Solaris,Steven Soderbergh
Soldier,David Webb Peoples
Someone To Watch Over Me,Howard Franklin,Danilo Bach,David Seltzer
Something's Gotta Give,Nancy Meyers
Source Code,Ben Ripley
South Park,Trey Parker,Matt Stone,Pam Brady
Space Milkshake,Armen Evrensel
Spanglish,James L. Brooks
Spare Me,Christopher Grimm,Matthew Harrison
Spartan,Brian Helgeland
Speed,Graham Yost
Speed Racer,Larry Wachowski,Andy Wachowski
Sphere,Stephen Hauser
Spider-Man,David Koepp
St. Elmo's Fire,Joel Schumacher,Carl Kurlander
Star Trek,Roberto Orci,Alex Kurtzman
Star Trek II: The Wrath of Khan,Jack B Sowards,Harve Bennett
Star Trek: First Contact,Ronald Moore,Brannon Braga
Star Trek: Generations,Rick Berman,Ronald Moore,Brannon Braga
Star Trek: Nemesis,John Logan
Star Trek: The Motion Picture,Gene Roddenberry,Harold Livingston
Star Wars: A New Hope,George Lucas
Star Wars: Attack of the Clones,George Lucas
Star Wars: Return of the Jedi,George Lucas,Lawrence Kasdan
Star Wars: Revenge of the Sith,George Lucas
Star Wars: The Empire Strikes Back,George Lucas,Lawrence Kasdan,Leigh Brackett
Star Wars: The Force Awakens,Lawrence Kasdan,J.J. Abrams,Michael Arndt
Star Wars: The Phantom Menace,George Lucas
Starman,Bruce A. Evans,Raynold Gideon
Starship Troopers,Robert A. Heinlein,Edward Neumeier
State and Main,David Mamet
Station West,Frank Fenton,Winston Miller,Luke Short
Stepmom,Ronald Bass,Gigi Levangie,Elizabeth Chandler,Jessie Nelson,Steven Rogers
Sting, The,David Ward
Stir of Echoes,David Koepp,Richard Matheson
Storytelling,Todd Solondz
Straight Outta Compton,Jonathan Herman,Andrea Berloff
Strange Days,James Cameron,Jay Cocks
Strangers on a Train,Raymond Chandler,Czenzi Ormonde
Stuntman, The,Lawrence B. Marcus,Richard Rush,Paul Brodeur
Sugar,Anna Boden,Ryan Fleck
Sugar and Spice,Mandy Nelson
Sunset Blvd.,Charles Brackett,Billy Wilder,D.M. Harshman Jr.
Sunshine Cleaning,Megan Holley
Super 8,J.J. Abrams
Superbad,Seth Rogen,Evan Goldberg
Superfights,Keith Strandburg
Supergirl,David Odell
Surfer King, The,Bernard Murray Jr
Surrogates,John Brancato,Michael Ferris,Robert Venditti
Suspect Zero,Zak Penn
Sweeney Todd: The Demon Barber of Fleet Street,John Logan
Sweet Hereafter, The,Russel Banks,Atom Egoyan
Sweet Smell of Success,Ernest Lehman,Clifford Odets
Swingers,Jon Favreau
Swordfish,Skip Woods
Synecdoche, New York,Charlie Kaufman
Syriana,Stephen Gaghan,Robert Baer
Take Shelter,Jeff Nichols
Taking Lives,Michael Pye,Jon Bokenkamp
Taking of Pelham One Two Three, The,Peter Stone,John Godey
Taking Sides,Ronald Harwood
Talented Mr. Ripley, The,Anthony Minghella
Tall in the Saddle,Michael Hogan,Paul P Fix,Gordon Ray Young
Tamara Drewe,Moira Buffini
Taxi Driver,Paul Schrader
Ted,Seth Macfarlane,Alec Sulkin,Wellesley Wild
Tenet,Christopher Nolan
Terminator,Harlan Ellison,James Cameron,Gale Anne Hurd,William Wisher Jr.
Terminator 2: Judgement Day,James Cameron,William Wisher
Terminator Salvation,John Brancato,Michael Ferris
The Rage: Carrie 2,Rafael Moreu
Thelma & Louise,Callie Khouri
Theory of Everything, The,Anthony McCarten
There's Something About Mary,Peter Farrelly,Bobby Farrelly,Ed Decter,John J. Strauss
They,Brendan Hood
Thing, The,John W. Campbell Jr.,Bill Lancaster
Things My Father Never Taught Me, The,Burleigh Smith
Thirteen Days,David Self
This Boy's Life,Robert Getchell
This is 40,Judd Apatow
Thor,Ashley Miller,Zack Stentz
Thor Ragnarok,Eric Pearson,Craig Kyle,Christopher L. Yost
Three Kings,David O. Russell,John Ridley
Three Kings (Spoils of War),John Ridley
Three Men and a Baby,Jim Cruickshank,James Orr,Colline Serreau
Three Musketeers, The,David Loughery
Thunderbirds,Peter Hewitt,William Osborne,Michael McCullers
Thunderheart,John Fusco
Ticker,Paul B. Margolis
Timber Falls,Dan Kay,Tony Giglio
Time Machine, The,John Logan
Tin Cup,John Norville,Ron Shelton
Tin Men,Barry Levinson
Tinker Tailor Soldier Spy,Bridget O'Connor,Peter Straughan
Titanic,James Cameron
TMNT,Kevin Munroe
To Sleep with Anger,Charles Burnett
Tombstone,Kevin Jarre
Tomorrow Never Dies,Bruce Feirstein,Ian Fleming
Top Gun,Chip Proser
Total Recall,Ronald Shusett,Dan O'Bannon,Steven Pressfield
Tourist, The,Julian Fellowes
Town, The,Peter Craig,Ben Affleck,Aaron Stockard,Chuck Hogan
Toy Story,Joss Whedon,Andrew Stanton,Joel Cohen,Alec Sokolow
Traffic,Stephen Gaghan
Training Day,David Ayer
Trainspotting,Irvine Welsh,John Hodge
Transformers: The Movie,Ron Friedman
Tremors,S. S. Wilson,Brent Maddock
Tristan and Isolde,Dean Georgaris
TRON,Steven Lisberger,Bonnie MacBird,Charlie Haas
TRON: Legacy,Richard Jefferies
Tropic Thunder,Ethan Cohen,Ben Stiller,Justin Theroux
Troy,David Benioff
True Grit,Joel Cohen,Ethan Coen,Charles Portis
True Lies,Claude Zidi,Simon Michael,Didier Kaminka,James Cameron
True Romance,Quentin Tarantino
Truman Show, The,Andrew Niccol
Twilight,Melissa Rosenberg
Twilight: New Moon,Melissa Rosenberg,Stephenie Meyer
Twin Peaks,Mark Frost,David Lynch,Robert Engels
Twins,William Osborne,William Davies,Timothy Harris,Hershel Weingrod,William Goldman
Twister,Michael Crichton,Anne-Marie Martin
Two For The Money,Dan Gilroy
U Turn,John Ridley,Richard Rutowski,Oliver Stone
Ugly Truth, The,Nicole Eastman,Tracey Jackson,Peter Hume,David Diamond,David Weissman,Roger Kumble
Un Singe en Hiver,Michel Audiard,Antoine Blondin,Francois Boyer
Unbreakable,M. Night Shyamalan
Under Fire,Clayton Frohman,Ron Shelton
Unforgiven,David Peoples
Unknown,Oliver Butcher,Stephen Cornwell
Up,Pete Docter,Bob Peterson,Thomas McCarthy
Up in the Air,Jason Reitman,Sheldon Turner
Usual Suspects, The,Christopher McQuarrie
V for Vendetta,Andy Wachowski,Larry Wachowski
Valentine's Day,Katherine Fugate
Valkyrie,Christopher McQuarrie,Nathan Alexander
Vanilla Sky,Cameron Crowe
Verdict, The,Barry Reed,David Mamet
Vertigo,Alec Coppel,Samuel Taylor
Very Bad Things,Peter Berg
Village, The,M. Night Shyamalan
Virtuosity,Eric Bernt
Visitor, The,Thomas McCarthy
Wag the Dog,David Mamet
Walk to Remember, A,Karen Janszen
Walking Tall,Mort Briskin,David Klass
Wall Street,Stanley Weiser,Oliver Stone
Wall Street: Money Never Sleeps,Allan Loeb
Wall-E,Andrew Stanton,Pete Docter
Wanted,Michael Brandt,Derek Haas
War for the Planet of the Apes,Mark Bomback,Matt Reeves
War Horse,Lee Hall,Richard Curtis
War of the Worlds,Josh Friedman,David Koepp
Warm Springs,Margaret Nagle
Warrior,Gavin O'Connor,Anthony Tambakis,Cliff Dorfman
Watchmen,David Hayter,Alex Tse
Water for Elephants,Richard Lagravenese
Way Back, The,Peter Weir,Slavomir Rawicz
We Own the Night,James Gray
What About Bob?,Tom Schulman,Alvin Sargent,Laura Ziskin
What Lies Beneath,Sarah Kernochan,Clark Gregg
When a Stranger Calls,Steve Feke,Fred Walton
When Harry Met Sally,Nora Ephron
While She Was Out,Susan Montford,Edward Bryant
Whistleblower, The,Eilis Kirwan,Larysa Kondracki
White Christmas,Norman Krasna,Melvin Frank,Norman Panama
White Jazz,Joe Carnahan,Matthew Michael Carnahan
White Ribbon, The,Michael Haneke
White Squall,Charles Gieg Jr,Felix Sutton,Todd Robinson
Whiteout,Jon Hoeber,Erich Hoeber,Greg Rucka
Who Framed Roger Rabbit?,Jeffrey Price,Peter S. Seaman
Who's Your Daddy,Maria Veltre Druse,Jack Sekowski
Wild At Heart,David Lynch
Wild Bunch, The,Walon Green,Sam Peckinpah
Wild Hogs,Brad Copeland
Wild Things,Stephen Peters,Kem Nunn
Wild Things: Diamonds in the Rough,Andy Hurst,Ross Helford
Wild Wild West,S. S. Wilson,Brent Maddock,Jeffrey Price,Peter S. Seaman,Jim Thomas,John Thomas
Willow,George Lucas,Bob Dolman
Win Win,Tom McCarthy
Wind Chill,Joseph Gangemi,Steven Katz
Withnail and I,Bruce Robinson
Witness,Earl W. Wallace,Pamela Wallace,William Kelley
Wizard of Oz, The,Noel Langley,Florence Ryerson,Edgar Allen Woolf
Wolf of Wall Street, The,Terence Winter,Jordan Belfort
Wonder Boys,Steven Kloves
Wonder Woman,Allan Heinberg,Zack Snyder,Jason Fuchs
Woodsman, The,Steven Fechter,Nicole Kassell
World is not Enough, The,Neal Purvis,Robert Wade,Bruce Feirstein,Ian Fleming
Wrestler, The,Rob Siegel
X-Files: Fight the Future, The,Chris Carter
X-Men,Ed Solomon,Christopher McQuarrie,Tom DeSanto,Bryan Singer
X-Men Origins: Wolverine,David Benioff,Skip Woods
xXx,Rich Wilkes
Year One,Harold Ramis,Gene Stupnitsky,Lee Eisenberg
Yes Man,Nicholas Stoller,Danny Wallace
You Can Count On Me,Kenneth Lonergan
You've Got Mail,Nora Ephron,Delia Ephron
Youth in Revolt,Gustin Nash
Zero Dark Thirty,Mark Boal
Zerophilia,Martin Curland
Zootopia,Jared Bush,Phil Johnston
